Renderer;CellID;PipeType;Coords;FlowDir;Reverse;Description
renderBD;unknown;pipe-air;138_393->137_373;flow-down;1;Fluid animation direction for pipe-air
renderBD;unknown;pipe-blowdown;263_301->275_387;flow-up;0;Fluid animation direction for pipe-blowdown
renderBD;unknown;pipe-blowdown;478_420->567_420;flow-left;1;Fluid animation direction for pipe-blowdown
renderBD;unknown;pipe-blowdown;329_419->431_420;flow-left;1;Fluid animation direction for pipe-blowdown
renderBD;unknown;pipe-blowdown;609_421->678_441;flow-left;1;Fluid animation direction for pipe-blowdown
renderBD;unknown;pipe-condensate;756_256->599_63;flow-down;1;Fluid animation direction for pipe-condensate
renderBD;unknown;pipe-feedwater;494_108->387_302;flow-down;1;Fluid animation direction for pipe-feedwater
renderBD;unknown;pipe-gas;213_246->198_96;flow-down;1;Fluid animation direction for pipe-gas
renderBD;unknown;pipe-gas;88_341->108_341;flow-left;1;Fluid animation direction for pipe-gas
renderBD;unknown;pipe-steam;301_246->490_245;flow-left;1;Fluid animation direction for pipe-steam
renderBD;unknown;pipe-steam;530_230->529_154;flow-down;1;Fluid animation direction for pipe-steam
renderBD;unknown;pipe-steam;565_230->696_211;flow-left;1;Fluid animation direction for pipe-steam
renderBD;unknown;pipe-water;396_22->603_396;flow-down;1;Fluid animation direction for pipe-water
renderBD;unknown;pipe-water;577_408->564_63;flow-down;1;Fluid animation direction for pipe-water
renderECO;unknown;pipe-air;138_393->137_373;flow-down;0;Fluid animation direction for pipe-air
renderECO;unknown;pipe-blowdown;263_301->275_388;flow-up;0;Fluid animation direction for pipe-blowdown
renderECO;unknown;pipe-blowdown;329_420->384_428;flow-left;0;Fluid animation direction for pipe-blowdown
renderECO;unknown;pipe-condensate;756_256->599_64;flow-down;0;Fluid animation direction for pipe-condensate
renderECO;unknown;pipe-feedwater;494_108->269_170;flow-right;0;Fluid animation direction for pipe-feedwater
renderECO;unknown;pipe-feedwater;257_190->387_302;flow-right;0;Fluid animation direction for pipe-feedwater
renderECO;unknown;pipe-gas;88_342->108_342;flow-left;0;Fluid animation direction for pipe-gas
renderECO;unknown;pipe-steam;301_246->490_246;flow-left;0;Fluid animation direction for pipe-steam
renderECO;unknown;pipe-steam;530_230->529_154;flow-down;0;Fluid animation direction for pipe-steam
renderECO;unknown;pipe-steam;565_230->696_212;flow-left;0;Fluid animation direction for pipe-steam
renderECO;unknown;pipe-water;396_22->563_64;flow-right;0;Fluid animation direction for pipe-water
renderECOBD;unknown;pipe-air;138_393->137_373;flow-down;0;Fluid animation direction for pipe-air
renderECOBD;unknown;pipe-blowdown;263_301->275_387;flow-up;0;Fluid animation direction for pipe-blowdown
renderECOBD;unknown;pipe-blowdown;478_420->567_420;flow-left;0;Fluid animation direction for pipe-blowdown
renderECOBD;unknown;pipe-blowdown;329_419->431_420;flow-left;0;Fluid animation direction for pipe-blowdown
renderECOBD;unknown;pipe-blowdown;609_421->678_441;flow-left;0;Fluid animation direction for pipe-blowdown
renderECOBD;unknown;pipe-condensate;756_256->599_63;flow-down;0;Fluid animation direction for pipe-condensate
renderECOBD;unknown;pipe-feedwater;494_108->269_170;flow-right;0;Fluid animation direction for pipe-feedwater
renderECOBD;unknown;pipe-feedwater;257_190->387_302;flow-right;0;Fluid animation direction for pipe-feedwater
renderECOBD;unknown;pipe-gas;198_160->198_96;flow-down;0;Fluid animation direction for pipe-gas
renderECOBD;unknown;pipe-gas;88_341->108_341;flow-left;0;Fluid animation direction for pipe-gas
renderECOBD;unknown;pipe-gas;213_246->198_200;flow-down;0;Fluid animation direction for pipe-gas
renderECOBD;unknown;pipe-steam;301_246->490_245;flow-left;0;Fluid animation direction for pipe-steam
renderECOBD;unknown;pipe-steam;530_230->529_154;flow-down;0;Fluid animation direction for pipe-steam
renderECOBD;unknown;pipe-steam;565_230->696_211;flow-left;0;Fluid animation direction for pipe-steam
renderECOBD;unknown;pipe-water;396_22->603_396;flow-down;0;Fluid animation direction for pipe-water
renderECOBD;unknown;pipe-water;577_408->564_63;flow-down;0;Fluid animation direction for pipe-water
renderECOCONDBD;unknown;pipe-air;138_393->137_373;flow-down;0;Fluid animation direction for pipe-air
renderECOCONDBD;unknown;pipe-air;140_139->81_182;flow-left;0;Fluid animation direction for pipe-air
renderECOCONDBD;unknown;pipe-blowdown;263_301->275_388;flow-up;0;Fluid animation direction for pipe-blowdown
renderECOCONDBD;unknown;pipe-blowdown;478_421->567_421;flow-left;0;Fluid animation direction for pipe-blowdown
renderECOCONDBD;unknown;pipe-blowdown;329_420->431_421;flow-left;0;Fluid animation direction for pipe-blowdown
renderECOCONDBD;unknown;pipe-blowdown;609_421->678_441;flow-left;0;Fluid animation direction for pipe-blowdown
renderECOCONDBD;unknown;pipe-condensate;756_256->598_64;flow-down;0;Fluid animation direction for pipe-condensate
renderECOCONDBD;unknown;pipe-feedwater;494_108->269_170;flow-right;0;Fluid animation direction for pipe-feedwater
renderECOCONDBD;unknown;pipe-feedwater;257_190->387_302;flow-right;0;Fluid animation direction for pipe-feedwater
renderECOCONDBD;unknown;pipe-gas;88_342->108_342;flow-left;0;Fluid animation direction for pipe-gas
renderECOCONDBD;unknown;pipe-steam;301_246->490_246;flow-left;0;Fluid animation direction for pipe-steam
renderECOCONDBD;unknown;pipe-steam;530_230->528_154;flow-down;0;Fluid animation direction for pipe-steam
renderECOCONDBD;unknown;pipe-steam;565_230->696_212;flow-left;0;Fluid animation direction for pipe-steam
renderECOCONDBD;unknown;pipe-water;258_139->603_396;flow-right;0;Fluid animation direction for pipe-water
renderECOCONDBD;unknown;pipe-water;577_409->564_64;flow-down;0;Fluid animation direction for pipe-water
renderECOCONDBD;unknown;pipe-water;396_22->270_119;flow-right;0;Fluid animation direction for pipe-water
renderECOPINCHBD;unknown;pipe-air;138_393->137_373;flow-down;0;Fluid animation direction for pipe-air
renderECOPINCHBD;unknown;pipe-blowdown;263_301->275_387;flow-up;0;Fluid animation direction for pipe-blowdown
renderECOPINCHBD;unknown;pipe-blowdown;478_420->567_420;flow-left;0;Fluid animation direction for pipe-blowdown
renderECOPINCHBD;unknown;pipe-blowdown;329_419->431_420;flow-left;0;Fluid animation direction for pipe-blowdown
renderECOPINCHBD;unknown;pipe-blowdown;609_421->678_441;flow-left;0;Fluid animation direction for pipe-blowdown
renderECOPINCHBD;unknown;pipe-condensate;756_256->599_63;flow-down;0;Fluid animation direction for pipe-condensate
renderECOPINCHBD;unknown;pipe-feedwater;494_108->398_149;flow-right;0;Fluid animation direction for pipe-feedwater
renderECOPINCHBD;unknown;pipe-feedwater;257_190->387_302;flow-right;0;Fluid animation direction for pipe-feedwater
renderECOPINCHBD;unknown;pipe-feedwater;348_152->269_170;flow-right;0;Fluid animation direction for pipe-feedwater
renderECOPINCHBD;unknown;pipe-gas;198_160->198_96;flow-down;0;Fluid animation direction for pipe-gas
renderECOPINCHBD;unknown;pipe-gas;88_341->108_341;flow-left;0;Fluid animation direction for pipe-gas
renderECOPINCHBD;unknown;pipe-gas;213_246->198_200;flow-down;0;Fluid animation direction for pipe-gas
renderECOPINCHBD;unknown;pipe-steam;301_246->490_245;flow-left;0;Fluid animation direction for pipe-steam
renderECOPINCHBD;unknown;pipe-steam;530_230->529_154;flow-down;0;Fluid animation direction for pipe-steam
renderECOPINCHBD;unknown;pipe-steam;565_230->696_211;flow-left;0;Fluid animation direction for pipe-steam
renderECOPINCHBD;unknown;pipe-water;380_136->604_396;flow-down;0;Fluid animation direction for pipe-water
renderECOPINCHBD;unknown;pipe-water;577_408->564_63;flow-down;0;Fluid animation direction for pipe-water
renderECOPINCHBD;unknown;pipe-water;396_22->354_124;flow-down;0;Fluid animation direction for pipe-water
renderECOPinch;unknown;pipe-air;138_393->137_373;flow-down;0;Fluid animation direction for pipe-air
renderECOPinch;unknown;pipe-blowdown;263_301->275_387;flow-up;0;Fluid animation direction for pipe-blowdown
renderECOPinch;unknown;pipe-blowdown;329_419->384_428;flow-left;0;Fluid animation direction for pipe-blowdown
renderECOPinch;unknown;pipe-condensate;756_256->599_63;flow-down;0;Fluid animation direction for pipe-condensate
renderECOPinch;unknown;pipe-feedwater;494_108->398_149;flow-right;0;Fluid animation direction for pipe-feedwater
renderECOPinch;unknown;pipe-feedwater;257_190->387_302;flow-right;0;Fluid animation direction for pipe-feedwater
renderECOPinch;unknown;pipe-feedwater;348_152->269_170;flow-right;0;Fluid animation direction for pipe-feedwater
renderECOPinch;unknown;pipe-gas;88_341->108_341;flow-left;0;Fluid animation direction for pipe-gas
renderECOPinch;unknown;pipe-steam;301_246->490_245;flow-left;0;Fluid animation direction for pipe-steam
renderECOPinch;unknown;pipe-steam;530_230->529_154;flow-down;0;Fluid animation direction for pipe-steam
renderECOPinch;unknown;pipe-steam;565_230->696_211;flow-left;0;Fluid animation direction for pipe-steam
renderECOPinch;unknown;pipe-water;380_136->564_63;flow-left;0;Fluid animation direction for pipe-water
renderECOPinch;unknown;pipe-water;396_22->354_124;flow-down;0;Fluid animation direction for pipe-water
renderECOPinchCOND;unknown;pipe-air;138_393->137_373;flow-down;0;Fluid animation direction for pipe-air
renderECOPinchCOND;unknown;pipe-air;140_139->81_181;flow-left;0;Fluid animation direction for pipe-air
renderECOPinchCOND;unknown;pipe-blowdown;263_301->275_387;flow-up;0;Fluid animation direction for pipe-blowdown
renderECOPinchCOND;unknown;pipe-blowdown;329_419->384_428;flow-left;0;Fluid animation direction for pipe-blowdown
renderECOPinchCOND;unknown;pipe-condensate;756_256->599_63;flow-down;0;Fluid animation direction for pipe-condensate
renderECOPinchCOND;unknown;pipe-feedwater;494_108->398_149;flow-right;0;Fluid animation direction for pipe-feedwater
renderECOPinchCOND;unknown;pipe-feedwater;257_190->387_302;flow-right;0;Fluid animation direction for pipe-feedwater
renderECOPinchCOND;unknown;pipe-feedwater;348_152->269_170;flow-right;0;Fluid animation direction for pipe-feedwater
renderECOPinchCOND;unknown;pipe-gas;88_341->108_341;flow-left;0;Fluid animation direction for pipe-gas
renderECOPinchCOND;unknown;pipe-steam;301_246->490_245;flow-left;0;Fluid animation direction for pipe-steam
renderECOPinchCOND;unknown;pipe-steam;530_230->529_154;flow-down;0;Fluid animation direction for pipe-steam
renderECOPinchCOND;unknown;pipe-steam;565_230->696_211;flow-left;0;Fluid animation direction for pipe-steam
renderECOPinchCOND;unknown;pipe-water;380_136->564_63;flow-left;0;Fluid animation direction for pipe-water
renderECOPinchCOND;unknown;pipe-water;396_22->270_119;flow-left;0;Fluid animation direction for pipe-water
renderECOPinchCOND;unknown;pipe-water;258_139->354_124;flow-left;0;Fluid animation direction for pipe-water
renderECOPinchCONDBD;qDDL5PlRCORwBMdqrumM-53;pipe-air;138_393->137_373;flow-down;0;Fluid animation direction for pipe-air
renderECOPinchCONDBD;qDDL5PlRCORwBMdqrumM-85;pipe-air;140_139->81_181;flow-left;0;Fluid animation direction for pipe-air
renderECOPinchCONDBD;qDDL5PlRCORwBMdqrumM-61;pipe-blowdown;263_301->275_387;flow-up;0;Fluid animation direction for pipe-blowdown
renderECOPinchCONDBD;qDDL5PlRCORwBMdqrumM-79;pipe-blowdown;478_420->567_420;flow-left;0;Fluid animation direction for pipe-blowdown
renderECOPinchCONDBD;qDDL5PlRCORwBMdqrumM-80;pipe-blowdown;329_419->431_420;flow-left;0;Fluid animation direction for pipe-blowdown
renderECOPinchCONDBD;qDDL5PlRCORwBMdqrumM-81;pipe-blowdown;609_421->678_441;flow-left;0;Fluid animation direction for pipe-blowdown
renderECOPinchCONDBD;qDDL5PlRCORwBMdqrumM-58;pipe-condensate;756_256->599_63;flow-down;0;Fluid animation direction for pipe-condensate
renderECOPinchCONDBD;qDDL5PlRCORwBMdqrumM-39;pipe-feedwater;494_108->398_149;flow-right;0;Fluid animation direction for pipe-feedwater
renderECOPinchCONDBD;qDDL5PlRCORwBMdqrumM-40;pipe-feedwater;257_190->387_302;flow-right;0;Fluid animation direction for pipe-feedwater
renderECOPinchCONDBD;unknown;pipe-feedwater;348_152->269_170;flow-right;0;Fluid animation direction for pipe-feedwater
renderECOPinchCONDBD;qDDL5PlRCORwBMdqrumM-54;pipe-gas;88_341->108_341;flow-left;0;Fluid animation direction for pipe-gas
renderECOPinchCONDBD;qDDL5PlRCORwBMdqrumM-55;pipe-steam;301_246->490_245;flow-left;0;Fluid animation direction for pipe-steam
renderECOPinchCONDBD;qDDL5PlRCORwBMdqrumM-56;pipe-steam;530_230->529_154;flow-down;0;Fluid animation direction for pipe-steam
renderECOPinchCONDBD;qDDL5PlRCORwBMdqrumM-57;pipe-steam;565_230->696_211;flow-left;0;Fluid animation direction for pipe-steam
renderECOPinchCONDBD;qDDL5PlRCORwBMdqrumM-77;pipe-water;380_136->603_396;flow-down;0;Fluid animation direction for pipe-water
renderECOPinchCONDBD;qDDL5PlRCORwBMdqrumM-78;pipe-water;577_408->564_63;flow-down;0;Fluid animation direction for pipe-water
renderECOPinchCONDBD;qDDL5PlRCORwBMdqrumM-87;pipe-water;396_22->270_119;flow-left;0;Fluid animation direction for pipe-water
renderECOPinchCONDBD;qDDL5PlRCORwBMdqrumM-88;pipe-water;258_139->354_124;flow-left;0;Fluid animation direction for pipe-water
renderNOHR;unknown;pipe-air;138_393->137_373;flow-down;0;Fluid animation direction for pipe-air
renderNOHR;unknown;pipe-blowdown;263_301->275_388;flow-up;0;Fluid animation direction for pipe-blowdown
renderNOHR;unknown;pipe-blowdown;329_420->384_428;flow-left;1;Fluid animation direction for pipe-blowdown
renderNOHR;unknown;pipe-condensate;756_256->599_64;flow-down;1;Fluid animation direction for pipe-condensate
renderNOHR;unknown;pipe-feedwater;494_108->387_303;flow-down;1;Fluid animation direction for pipe-feedwater
renderNOHR;unknown;pipe-gas;88_342->108_342;flow-left;0;Fluid animation direction for pipe-gas
renderNOHR;unknown;pipe-steam;301_246->490_246;flow-left;1;Fluid animation direction for pipe-steam
renderNOHR;unknown;pipe-steam;530_230->529_154;flow-down;1;Fluid animation direction for pipe-steam
renderNOHR;unknown;pipe-steam;565_230->696_212;flow-left;1;Fluid animation direction for pipe-steam
renderNOHR;unknown;pipe-water;396_22->564_64;flow-right;0;Fluid animation direction for pipe-water
